date,time,lang,task,lstm,word_len_mean,pronunciation_len_mean,nb_samples,max_len_input,max_len_target,nb_input_symbols,nb_output_symbols,x_symbols,y_symbols,x_nb_symbols,y_nb_symbols,trainable_params,training_duration,val_accuracy,nb_predictions,nb_good_predictions,test_err_index,test_accuracy,test_duration,test_err_1_label,test_err_1_nb,test_err_1_word,test_err_1_pronunciation,test_err_1_prediction,test_err_2_label,test_err_2_nb,test_err_2_word,test_err_2_pronunciation,test_err_2_prediction,test_err_3_label,test_err_3_nb,test_err_3_word,test_err_3_pronunciation,test_err_3_prediction
2020-01-15,17:30:43,eno,write,512,7.3,7.3,42217,28,29,42,52,"a, b, d, e, f, h, i, j, k, l, m, n, o, p, s, t, u, v, w, x, z, æ, ð, ŋ, ɑ, ɒ, ɔ, ə, ɚ, ɛ, ɡ, ɪ, ɲ, ɵ, ɹ, ʃ, ʊ, ʌ, ʍ, ʒ, ː, θ","a, b, d, e, f, h, i, j, k, l, m, n, o, p, r, s, t, u, v, w, x, z, æ, ð, ŋ, ɑ, ɒ, ɔ, ə, ɚ, ɛ, ɝ, ɡ, ɨ, ɪ, ɫ, ɲ, ɵ, ɹ, ɾ, ʃ, ʉ, ʊ, ʌ, ʍ, ʒ, ʔ, ʰ, ː, θ",42,50,2325045,0:01:51.923969,0.749,1000,0,"[0.    0.982 0.017 0.001 0.    0.    0.    0.    0.    0.    0.    0.
 0.    0.    0.    0.    0.    0.    0.    0.    0.    0.    0.    0.
 0.    0.    0.    0.    0.    0.   ]",0.0,0:02:25.933401,w:-.ʒ.ɚ.z.ŋ.t.+.r.ɡ.ɡ.θ.ɵ.,1,ʒɚzŋt,stɹɪɡ,rɡɡθɵ,w:-.ɫ.ɛ.ɛ.f.æ.ŋ.m.+.ɡ.ɡ.ɡ.ɨ.ɨ.ɨ.b.,1,ɫɛɛfæŋm,pɑntʃoʊ,ɡɡɡɨɨɨb,w:-.i.j.ʔ.h.l.j.+.ɡ.ɡ.ɡ.ɨ.ɨ.b.,1,ɨijʔhlj,əbɔɹtəs,ɡɡɡɨɨɨb
2020-01-15,17:35:11,eno,read,512,7.3,7.3,42217,28,29,50,44,"a, b, d, e, f, h, i, j, k, l, m, n, o, p, r, s, t, u, v, w, x, z, æ, ð, ŋ, ɑ, ɒ, ɔ, ə, ɚ, ɛ, ɝ, ɡ, ɨ, ɪ, ɫ, ɲ, ɵ, ɹ, ɾ, ʃ, ʉ, ʊ, ʌ, ʍ, ʒ, ʔ, ʰ, ː, θ","a, b, d, e, f, h, i, j, k, l, m, n, o, p, s, t, u, v, w, x, z, æ, ð, ŋ, ɑ, ɒ, ɔ, ə, ɚ, ɛ, ɡ, ɪ, ɲ, ɵ, ɹ, ʃ, ʊ, ʌ, ʍ, ʒ, ː, θ",50,42,2320941,0:02:23.629825,0.775,1000,0,"[0.    0.895 0.088 0.015 0.002 0.    0.    0.    0.    0.    0.    0.
 0.    0.    0.    0.    0.    0.    0.    0.    0.    0.    0.    0.
 0.    0.    0.    0.    0.    0.   ]",0.0,0:02:25.627042,r:-.k.ɹ.a.ɪ.+.b.ɛ.ː.t.,1,hɪʍɛ,kɹaɪ,bɛːt,r:-.m.ɛ.t.l.+.s.ɪ.ɪ.i.,1,jʉʊɫɔ,mɛtəl,sɪɪəi,r:-.n.j.u.ː.ɹ.ə.l.+.k.ɪ.ɪ.ɪ.ə.ə.ɪ.,1,æʌɡneɝjw,njuːtɹəl,kɪɪɪəəɪt
2020-01-15,17:40:08,ent,write,512,7.3,7.3,42217,28,29,42,44,"a, b, d, e, f, h, i, j, k, l, m, n, o, p, s, t, u, v, w, x, z, æ, ð, ŋ, ɑ, ɒ, ɔ, ə, ɚ, ɛ, ɡ, ɪ, ɲ, ɵ, ɹ, ʃ, ʊ, ʌ, ʍ, ʒ, ː, θ","a, b, d, e, f, h, i, j, k, l, m, n, o, p, s, t, u, v, w, x, z, æ, ð, ŋ, ɑ, ɒ, ɔ, ə, ɚ, ɛ, ɡ, ɪ, ɲ, ɵ, ɹ, ʃ, ʊ, ʌ, ʍ, ʒ, ː, θ",42,42,2304557,0:03:53.211480,0.991,1000,886,"[0.         0.01754386 0.05263158 0.04385965 0.02631579 0.14912281
 0.16666667 0.14035088 0.14912281 0.15789474 0.03508772 0.02631579
 0.02631579 0.         0.         0.00877193 0.         0.
 0.         0.         0.         0.         0.         0.
 0.         0.         0.         0.         0.         0.        ]",0.89,0:02:27.141889,w:-.ɛ.+.t.,3,ɡlɒtəʊdʒənɛtɪk,ɡlɒtəʊdʒənɛtɪk,ɡlɒtəʊdʒənttɪk,w:-.m.+.æ.,2,əɡzæmɪnɚ,əɡzæmɪnɚ,əɡzææɪnɚ,w:-.k.+.t.,2,bɹækɪdæktɪləs,bɹækɪdæktɪləs,bɹækɪdættɪləs
2020-01-15,17:46:35,ent,read,512,7.3,7.3,42217,28,29,42,44,"a, b, d, e, f, h, i, j, k, l, m, n, o, p, s, t, u, v, w, x, z, æ, ð, ŋ, ɑ, ɒ, ɔ, ə, ɚ, ɛ, ɡ, ɪ, ɲ, ɵ, ɹ, ʃ, ʊ, ʌ, ʍ, ʒ, ː, θ","a, b, d, e, f, h, i, j, k, l, m, n, o, p, s, t, u, v, w, x, z, æ, ð, ŋ, ɑ, ɒ, ɔ, ə, ɚ, ɛ, ɡ, ɪ, ɲ, ɵ, ɹ, ʃ, ʊ, ʌ, ʍ, ʒ, ː, θ",42,42,2304557,0:08:15.847531,0.993,1000,900,"[0.   0.   0.05 0.09 0.04 0.07 0.09 0.06 0.18 0.21 0.13 0.04 0.02 0.02
 0.   0.   0.   0.   0.   0.   0.   0.   0.   0.   0.   0.   0.   0.
 0.   0.  ]",0.9,0:02:28.138057,r:-.j.+.ə.,2,ʃamətjəɹɪzm,ʃamətjəɹɪzm,ʃamətəəɹɪzm,r:-.ɪ.+.ɪ.,2,əblɪviælɪti,əblɪviælɪti,əblɪviæɪlti,r:-.ʃ.+.n.,2,kɒnjəʃɛnti,kɒnjəʃɛnti,kɒnjənɛnti
2020-01-15,17:57:26,ar,write,512,8.9,8.0,12058,18,21,32,50,"a, b, d, e, f, h, i, j, k, l, m, n, q, r, s, t, u, w, x, z, ð, ħ, ɣ, ɪ, ʃ, ʊ, ʒ, ʔ, ʕ, ː, ˤ, θ","., ء, آ, أ, ؤ, إ, ئ, ا, ب, ة, ت, ث, ج, ح, خ, د, ذ, ر, ز, س, ش, ص, ض, ط, ظ, ع, غ, ف, ق, ك, ل, م, ن, ه, و, ى, ي, ً, ٌ, ٍ, َ, ُ, ِ, ّ, ْ, ٓ, ٰ, ی",32,48,2299443,0:02:40.658005,0.958,1000,591,"[0.         0.03667482 0.07334963 0.06356968 0.04400978 0.27628362
 0.10268949 0.06112469 0.06356968 0.05623472 0.0391198  0.07579462
 0.09046455 0.01222494 0.00244499 0.00244499 0.         0.
 0.         0.         0.         0.        ]",0.59,0:03:06.157543,w:-.+.َ.,45,اُدْرُسُوْا,udrusuːaː,اُدْرُسُوْاَ,w:-.ا.+.ن.َ.,23,تُنَقِّبُوْا,tunaqibuːaː,تُنَقِّبُوْنَ,w:-.+.ّ.,17,سَمِعَ,samiʕa,سَمِّعَ
2020-01-15,18:03:18,ar,read,512,8.9,8.0,12058,20,19,48,34,"., ء, آ, أ, ؤ, إ, ئ, ا, ب, ة, ت, ث, ج, ح, خ, د, ذ, ر, ز, س, ش, ص, ض, ط, ظ, ع, غ, ف, ق, ك, ل, م, ن, ه, و, ى, ي, ً, ٌ, ٍ, َ, ُ, ِ, ّ, ْ, ٓ, ٰ, ی","a, b, d, e, f, h, i, j, k, l, m, n, q, r, s, t, u, w, x, z, ð, ħ, ɣ, ɪ, ʃ, ʊ, ʒ, ʔ, ʕ, ː, ˤ, θ",48,32,2291235,0:04:38.442707,0.99,1000,930,"[0.         0.04285714 0.07142857 0.17142857 0.14285714 0.12857143
 0.1        0.1        0.12857143 0.05714286 0.02857143 0.02857143
 0.         0.         0.         0.         0.         0.
 0.         0.        ]",0.93,0:02:42.842645,r:-.a.+.,4,سِجِلَّات,sidʒilaaːt,sidʒilaːt,r:-.+.a.,3,سِرْيَانِيَّة,sirjaːniːa,sirjaːniːaa,r:-.z.+.f.,2,تَمُّوْز,tamuwz,tamuwf
2020-01-15,18:10:44,br,write,512,7.5,6.6,17343,18,21,45,31,"a, b, d, e, f, g, h, i, j, k, l, m, n, o, p, r, s, t, u, v, w, x, y, z, ã, õ, ø, ĩ, ŋ, œ, ũ, ɑ, ɔ, ɛ, ɡ, ɣ, ɥ, ɲ, ɵ, ʃ, ʎ, ʒ, ̃, ẽ, ỹ","', a, b, c, d, e, f, g, h, i, j, k, l, m, n, o, p, r, s, t, u, v, w, y, z, ê, ñ, ù, ü",45,29,2277408,0:04:54.894527,0.962,1000,614,"[0.         0.01813472 0.06217617 0.0984456  0.18911917 0.15803109
 0.14507772 0.14766839 0.07772021 0.04404145 0.03626943 0.02331606
 0.         0.         0.         0.         0.         0.
 0.         0.         0.         0.        ]",0.61,0:02:32.928720,w:-.+.h.,18,gaou,ɡɔw,gaouh,w:-.d.+.t.,14,sklaved,sklɑvet,sklavet,w:-.n.+.,12,mellenn,mɛlɛn,mellen
2020-01-15,18:18:18,br,read,512,7.5,6.6,17343,20,19,29,47,"', a, b, c, d, e, f, g, h, i, j, k, l, m, n, o, p, r, s, t, u, v, w, y, z, ê, ñ, ù, ü","a, b, d, e, f, g, h, i, j, k, l, m, n, o, p, r, s, t, u, v, w, x, y, z, ã, õ, ø, ĩ, ŋ, œ, ũ, ɑ, ɔ, ɛ, ɡ, ɣ, ɥ, ɲ, ɵ, ʃ, ʎ, ʒ, ̃, ẽ, ỹ",29,45,2285616,0:04:32.845163,0.971,1000,716,"[0.         0.04577465 0.17605634 0.10915493 0.27112676 0.12676056
 0.11619718 0.09859155 0.01760563 0.01056338 0.01056338 0.01056338
 0.         0.00352113 0.00352113 0.         0.         0.
 0.         0.        ]",0.72,0:02:21.719055,r:-.ɛ.+.e.,28,mezhur,mɛzyr,mezyr,r:-.e.+.ɛ.,12,avieler,avielɛr,avilɛɛr,r:-.o.+.ɔ.,7,korrig,korik,kɔrik
2020-01-15,18:25:18,de,write,512,11.5,10.2,529742,27,26,41,32,"a, b, d, e, f, h, i, j, k, l, m, n, o, p, s, t, u, v, w, x, y, z, æ, ç, ø, ŋ, œ, ɐ, ɑ, ɔ, ə, ɛ, ɡ, ɪ, ʁ, ʃ, ʊ, ʏ, ʒ, ̃, θ","a, b, c, d, e, f, g, h, i, j, k, l, m, n, o, p, q, r, s, t, u, v, w, x, y, z, ß, ä, ö, ü",41,30,2271777,0:06:49.209775,0.907,1000,168,"[0.         0.03725962 0.05288462 0.10096154 0.11418269 0.13100962
 0.09254808 0.10216346 0.09014423 0.06971154 0.06370192 0.05288462
 0.04567308 0.03004808 0.01081731 0.00360577 0.00240385 0.
 0.         0.         0.         0.         0.         0.
 0.         0.         0.        ]",0.17,0:03:54.147106,w:-.+.e.,18,gleiskörpern,ɡlaɪskœʁpɐn,gleiskörperne,w:-.+.t.,15,entsorgtet,ɛntzɔʁktət,entsorgtett,w:-.+.s.,10,zückst,tsʏkst,zücksst
2020-01-15,18:36:24,de,read,512,11.5,10.2,529742,25,28,30,43,"a, b, c, d, e, f, g, h, i, j, k, l, m, n, o, p, q, r, s, t, u, v, w, x, y, z, ß, ä, ö, ü","a, b, d, e, f, h, i, j, k, l, m, n, o, p, s, t, u, v, w, x, y, z, æ, ç, ø, ŋ, œ, ɐ, ɑ, ɔ, ə, ɛ, ɡ, ɪ, ʁ, ʃ, ʊ, ʏ, ʒ, ̃, θ",30,41,2277420,0:08:07.125014,0.93,1000,364,"[0.         0.02672956 0.06132075 0.08490566 0.12421384 0.12893082
 0.11949686 0.1336478  0.12106918 0.06761006 0.0581761  0.03459119
 0.02201258 0.01257862 0.00314465 0.         0.00157233 0.
 0.         0.         0.         0.         0.         0.
 0.         0.         0.         0.         0.        ]",0.36,0:03:31.829341,r:-.+.ə.,34,inbegriffen,ɪnbəɡʁɪfn,ɪnbəɡʁɪfən,r:-.+.n.,15,ankotzender,ankɔtsndɐ,ankɔtsnndɐ,r:-.+.s.,9,zurückrennt,tsuʁʏkʁɛnt,tsuʁʏkʁɛnts
2020-01-15,18:48:14,en,write,512,7.6,7.3,42217,28,25,42,31,"a, b, d, e, f, h, i, j, k, l, m, n, o, p, s, t, u, v, w, x, z, æ, ð, ŋ, ɑ, ɒ, ɔ, ə, ɚ, ɛ, ɡ, ɪ, ɲ, ɵ, ɹ, ʃ, ʊ, ʌ, ʍ, ʒ, ː, θ","a, b, c, d, e, f, g, h, i, j, k, l, m, n, o, p, q, r, s, t, u, v, w, x, y, z, â, æ, œ",42,29,2271264,0:06:04.234061,0.879,1000,189,"[0.         0.08014797 0.16646116 0.17879162 0.18495684 0.14180025
 0.11467324 0.08014797 0.02219482 0.01849568 0.00863132 0.00246609
 0.00123305 0.         0.         0.         0.         0.
 0.         0.         0.         0.         0.         0.
 0.         0.        ]",0.19,0:02:46.717723,w:-.e.+.a.,13,tenacle,tɛnəkəl,tenacal,w:-.+.e.,10,imperil,ɪmpɛɹəl,imperile,w:-.o.+.a.,9,import,ɪmpɔːt,impart
2020-01-15,18:57:12,en,read,512,7.6,7.3,42217,24,29,29,44,"a, b, c, d, e, f, g, h, i, j, k, l, m, n, o, p, q, r, s, t, u, v, w, x, y, z, â, æ, œ","a, b, d, e, f, h, i, j, k, l, m, n, o, p, s, t, u, v, w, x, z, æ, ð, ŋ, ɑ, ɒ, ɔ, ə, ɚ, ɛ, ɡ, ɪ, ɲ, ɵ, ɹ, ʃ, ʊ, ʌ, ʍ, ʒ, ː, θ",29,42,2277933,0:04:26.349666,0.876,1000,170,"[0.         0.12771084 0.25903614 0.16144578 0.14819277 0.15903614
 0.07228916 0.0313253  0.01927711 0.01445783 0.00481928 0.
 0.         0.00120482 0.00120482 0.         0.         0.
 0.         0.         0.         0.         0.         0.
 0.         0.         0.         0.         0.         0.        ]",0.17,0:02:48.074343,r:-.ɚ.+.ə.,7,titer,taɪtɚ,taɪtə,r:-.+.ə.,7,overleap,əʊvəliːp,əʊvəliːpə,r:-.ɪ.+.ə.,5,budget,bʌdʒɪt,bʌdʒət
2020-01-15,19:04:32,es,write,512,8.7,8.1,40825,23,24,34,35,"a, b, c, d, e, f, i, j, k, l, m, n, o, p, r, s, t, u, w, x, ð, ŋ, ɡ, ɣ, ɱ, ɲ, ɾ, ʃ, ʎ, ʝ, ʧ, β, θ, χ","a, b, c, d, e, f, g, h, i, j, k, l, m, n, o, p, q, r, s, t, u, v, w, x, y, z, á, é, í, ñ, ó, ú, ü",34,33,2265124,0:06:38.314414,0.943,1000,599,"[0.         0.29426434 0.07481297 0.08229426 0.08229426 0.12967581
 0.08977556 0.09975062 0.0723192  0.03491272 0.02244389 0.00997506
 0.00249377 0.         0.         0.         0.         0.00498753
 0.         0.         0.         0.         0.         0.
 0.        ]",0.6,0:03:00.787402,w:-.á.+.a.,17,liquidás,likiðas,liquidas,w:-.í.+.i.,15,bibliomanía,biβljomania,bibliomania,w:-.é.+.e.,13,éstos,estos,estos
2020-01-15,19:14:18,es,read,512,8.7,8.1,40825,23,24,33,36,"a, b, c, d, e, f, g, h, i, j, k, l, m, n, o, p, q, r, s, t, u, v, w, x, y, z, á, é, í, ñ, ó, ú, ü","a, b, c, d, e, f, i, j, k, l, m, n, o, p, r, s, t, u, w, x, ð, ŋ, ɡ, ɣ, ɱ, ɲ, ɾ, ʃ, ʎ, ʝ, ʧ, β, θ, χ",33,34,2265637,0:05:28.788257,0.974,1000,727,"[0.         0.08791209 0.12087912 0.08424908 0.15018315 0.12820513
 0.14652015 0.11721612 0.0952381  0.04395604 0.01465201 0.00732601
 0.003663   0.         0.         0.         0.         0.
 0.         0.         0.         0.         0.         0.
 0.        ]",0.73,0:02:39.256997,r:-.j.+.i.,10,crio,kɾjo,kɾio,r:-.r.+.ɾ.,9,panera,panera,paneɾa,r:-.ŋ.+.n.,9,blincáremos,bliŋkaɾemos,blinkaɾemos
2020-01-15,19:22:31,fi,write,512,10.4,10.4,105354,26,26,28,29,"a, b, d, e, f, h, i, j, k, l, m, n, o, p, r, s, t, u, v, w, y, æ, ø, ŋ, ɡ, ɪ, ʃ, ː","a, b, c, d, e, f, g, h, i, j, k, l, m, n, o, p, r, s, t, u, v, w, y, z, ä, ö, š",28,27,2237470,0:08:19.168171,0.98,1000,814,"[0.         0.01612903 0.04301075 0.02688172 0.06989247 0.08064516
 0.06989247 0.12365591 0.12365591 0.16666667 0.12365591 0.08602151
 0.0483871  0.02150538 0.         0.         0.         0.
 0.         0.         0.         0.         0.         0.
 0.         0.         0.        ]",0.81,0:03:14.832838,w:-.l.+.a.,4,mahdollistaen,mahdollistaen,mahdolaistaen,w:-.m.+.n.,3,uudempaa,uːdempaː,uudenpaa,w:-.p.+.p.,2,virtsaputki,virtsaputkɪ,virtspautki
2020-01-15,19:34:12,fi,read,512,10.4,10.4,105354,25,27,27,30,"a, b, c, d, e, f, g, h, i, j, k, l, m, n, o, p, r, s, t, u, v, w, y, z, ä, ö, š","a, b, d, e, f, h, i, j, k, l, m, n, o, p, r, s, t, u, v, w, y, æ, ø, ŋ, ɡ, ɪ, ʃ, ː",27,28,2237983,0:05:56.014342,0.979,1000,755,"[0.         0.0122449  0.01632653 0.04081633 0.02857143 0.03673469
 0.08571429 0.11020408 0.14693878 0.1877551  0.06938776 0.09387755
 0.07346939 0.06122449 0.02040816 0.00816327 0.00408163 0.00408163
 0.         0.         0.         0.         0.         0.
 0.         0.         0.         0.        ]",0.76,0:03:19.782272,r:-.i.+.ɪ.,14,sopivimpien,sopɪvimpien,sopɪvimpɪen,r:-.ɪ.+.i.,6,valemedia,valemedɪa,valemedia,r:-.y.+.ː.,4,ilmahyökkäys,ilmahyøkːæys,ilmahyøkːæːs
2020-01-15,19:43:35,fr,write,512,11.2,9.0,1214262,25,26,35,43,"a, b, d, e, f, h, i, j, k, l, m, n, o, p, s, t, u, v, w, y, z, ø, ŋ, œ, ɑ, ɔ, ə, ɛ, ɡ, ɥ, ɲ, ʁ, ʃ, ʒ, ̃","a, b, c, d, e, f, g, h, i, j, k, l, m, n, o, p, q, r, s, t, u, v, w, x, y, z, à, â, æ, ç, è, é, ê, ë, î, ï, ô, ù, û, ü, œ",35,41,2287660,0:07:54.258111,0.861,1000,91,"[0.         0.0660066  0.05830583 0.10671067 0.11111111 0.09570957
 0.110011   0.10341034 0.0880088  0.09240924 0.04730473 0.04620462
 0.03190319 0.01210121 0.01760176 0.00550055 0.00660066 0.
 0.         0.00110011 0.         0.         0.         0.
 0.         0.         0.        ]",0.09,0:03:44.069739,w:-.+.s.,22,réembrouille,ʁeɑ̃bʁuj,réembrouilles,w:-.s.+.t.,9,ilotiserais,ilɔtizəʁɛ,ilotiserait,w:-.+.i.,9,caféisant,kafeizɑ̃,caféiisant
2020-01-15,19:55:28,fr,read,512,11.2,9.0,1214262,25,26,41,37,"a, b, c, d, e, f, g, h, i, j, k, l, m, n, o, p, q, r, s, t, u, v, w, x, y, z, à, â, æ, ç, è, é, ê, ë, î, ï, ô, ù, û, ü, œ","a, b, d, e, f, h, i, j, k, l, m, n, o, p, s, t, u, v, w, y, z, ø, ŋ, œ, ɑ, ɔ, ə, ɛ, ɡ, ɥ, ɲ, ʁ, ʃ, ʒ, ̃",41,35,2284582,0:06:49.984977,0.957,1000,569,"[0.         0.06032483 0.09512761 0.13225058 0.12993039 0.15777262
 0.13457077 0.11832947 0.06032483 0.05800464 0.0324826  0.00928074
 0.00696056 0.00232019 0.         0.00232019 0.         0.
 0.         0.         0.         0.         0.         0.
 0.         0.         0.        ]",0.57,0:03:01.622828,r:-.o.+.ɔ.,20,supposâmes,sypozam,sypɔzam,r:-.+.e.,10,potamographie,pɔtamɔɡʁafi,pɔtamɔɡʁafie,r:-.e.+.ɛ.,7,dessaler,desale,dɛsale
2020-01-15,20:05:35,fro,write,512,8.6,9.0,1214262,25,24,35,34,"a, b, d, e, f, h, i, j, k, l, m, n, o, p, s, t, u, v, w, y, z, ø, ŋ, œ, ɑ, ɔ, ə, ɛ, ɡ, ɥ, ɲ, ʁ, ʃ, ʒ, ̃","a, b, d, e, f, g, h, i, j, k, l, m, n, o, p, r, s, t, u, v, w, y, z, ã, ç, è, é, ë, õ, ö, ĩ, ũ",35,32,2264611,0:04:29.817584,0.992,1000,890,"[0.         0.01818182 0.04545455 0.07272727 0.09090909 0.14545455
 0.16363636 0.14545455 0.14545455 0.10909091 0.04545455 0.
 0.00909091 0.00909091 0.         0.         0.         0.
 0.         0.         0.         0.         0.         0.
 0.        ]",0.89,0:02:48.383137,w:-.a.+.y.,3,surnètwaya,syʁnɛtwaja,surnètwyya,w:-.u.+.e.,2,préstrukturè,pʁestʁyktyʁɛ,préstrukterè,w:-.r.+.i.,2,fõksyonarizasyõ,fɔ̃ksjɔnaʁizasjɔ̃,fõksyonaiizasyõ
2020-01-15,20:13:33,fro,read,512,8.6,9.0,1214262,23,26,32,37,"a, b, d, e, f, g, h, i, j, k, l, m, n, o, p, r, s, t, u, v, w, y, z, ã, ç, è, é, ë, õ, ö, ĩ, ũ","a, b, d, e, f, h, i, j, k, l, m, n, o, p, s, t, u, v, w, y, z, ø, ŋ, œ, ɑ, ɔ, ə, ɛ, ɡ, ɥ, ɲ, ʁ, ʃ, ʒ, ̃",32,35,2266150,0:04:34.391051,0.989,1000,809,"[0.         0.07853403 0.07853403 0.09424084 0.21465969 0.09947644
 0.12565445 0.09424084 0.07329843 0.08376963 0.0104712  0.02094241
 0.0104712  0.01570681 0.         0.         0.         0.
 0.         0.         0.         0.         0.         0.
 0.         0.         0.        ]",0.81,0:02:55.212355,r:-.o.+.ɔ.,25,kofinãsé,kofinɑ̃se,kɔfinɑ̃se,r:-.ɔ.+.o.,20,idrométéor,idʁɔmeteɔʁ,idʁometeɔʁ,r:-.ɑ.+.a.,6,débatit,debɑtit,debatit
2020-01-15,20:21:16,it,write,512,9.1,9.1,26798,24,24,34,34,":, a, b, d, e, f, i, j, k, l, m, n, o, p, r, s, t, u, v, w, z, ŋ, ɔ, ɛ, ɡ, ɱ, ɲ, ʃ, ʎ, ʒ, ʣ, ʤ, ʦ, ʧ","a, b, c, d, e, f, g, h, i, j, k, l, m, n, o, p, q, r, s, t, u, v, w, x, y, z, à, è, é, ì, ò, ù",34,32,2262563,0:07:57.794528,0.982,1000,817,"[0.         0.06557377 0.04918033 0.04371585 0.06557377 0.12568306
 0.12568306 0.17486339 0.09289617 0.08743169 0.07103825 0.06010929
 0.01092896 0.01092896 0.01639344 0.         0.         0.
 0.         0.         0.         0.         0.         0.
 0.        ]",0.82,0:02:55.340788,w:-.v.+.i.,4,sottoservitore,sottoservitore,sottoseriitore,w:-.a.+.à.,4,differita,differita,differità,w:-.+.e.,4,inconfutabile,inkonfutabile,inconfutabilee
2020-01-15,20:32:16,it,read,512,9.1,9.1,26798,23,25,32,36,"a, b, c, d, e, f, g, h, i, j, k, l, m, n, o, p, q, r, s, t, u, v, w, x, y, z, à, è, é, ì, ò, ù",":, a, b, d, e, f, i, j, k, l, m, n, o, p, r, s, t, u, v, w, z, ŋ, ɔ, ɛ, ɡ, ɱ, ɲ, ʃ, ʎ, ʒ, ʣ, ʤ, ʦ, ʧ",32,34,2263589,0:07:56.026042,0.967,1000,613,"[0.         0.05167959 0.12403101 0.12403101 0.11627907 0.14728682
 0.11627907 0.11369509 0.08527132 0.05167959 0.03359173 0.01550388
 0.01033592 0.00775194 0.00258398 0.         0.         0.
 0.         0.         0.         0.         0.         0.
 0.         0.        ]",0.61,0:02:59.717397,r:-.ɛ.+.e.,27,mustelide,mustɛlide,mustelide,r:-.ɔ.+.o.,19,ritrovo,ritrɔvo,ritrovo,r:-.s.+.z.,17,doloso,doloso,dolozo
2020-01-15,20:43:18,ko,write,512,8.3,10.6,64669,35,25,41,69,"a, b, d, e, h, i, j, k, m, n, o, p, s, t, u, w, x, ç, ŋ, ɕ, ɡ, ɣ, ɥ, ɦ, ɭ, ɯ, ɰ, ɲ, ɸ, ɾ, ʃ, ʌ, ʎ, ʑ, ʝ, ʰ, ʷ, ̚, ̹, ͈, β","ᄀ, ᄁ, ᄂ, ᄃ, ᄄ, ᄅ, ᄆ, ᄇ, ᄈ, ᄉ, ᄊ, ᄋ, ᄌ, ᄍ, ᄎ, ᄏ, ᄐ, ᄑ, ᄒ, ᅡ, ᅢ, ᅣ, ᅤ, ᅥ, ᅦ, ᅧ, ᅨ, ᅩ, ᅪ, ᅫ, ᅬ, ᅭ, ᅮ, ᅯ, ᅰ, ᅱ, ᅲ, ᅳ, ᅴ, ᅵ, ᆨ, ᆩ, ᆪ, ᆫ, ᆬ, ᆭ, ᆮ, ᆯ, ᆰ, ᆱ, ᆲ, ᆳ, ᆴ, ᆵ, ᆶ, ᆷ, ᆸ, ᆹ, ᆺ, ᆻ, ᆼ, ᆽ, ᆾ, ᆿ, ᇀ, ᇁ, ᇂ",41,67,2366534,0:06:36.785725,0.971,1000,745,"[0.         0.01176471 0.07058824 0.23137255 0.10980392 0.10588235
 0.15686275 0.08627451 0.09803922 0.05490196 0.03137255 0.02352941
 0.00784314 0.00392157 0.00784314 0.         0.         0.
 0.         0.         0.         0.         0.         0.
 0.         0.        ]",0.74,0:02:44.372071,w:-.ᅦ.+.ᅢ.,13,게양,kejaŋ,개양,w:-.ᅢ.+.ᅦ.,8,옥새,oks͈e,옥세,w:-.ᆫ.+.ᆯ.,8,신랄히,ɕʰiɭɭaɾʝi,실랄히
2020-01-15,20:52:49,ko,read,512,8.3,10.6,64669,24,36,67,43,"ᄀ, ᄁ, ᄂ, ᄃ, ᄄ, ᄅ, ᄆ, ᄇ, ᄈ, ᄉ, ᄊ, ᄋ, ᄌ, ᄍ, ᄎ, ᄏ, ᄐ, ᄑ, ᄒ, ᅡ, ᅢ, ᅣ, ᅤ, ᅥ, ᅦ, ᅧ, ᅨ, ᅩ, ᅪ, ᅫ, ᅬ, ᅭ, ᅮ, ᅯ, ᅰ, ᅱ, ᅲ, ᅳ, ᅴ, ᅵ, ᆨ, ᆩ, ᆪ, ᆫ, ᆬ, ᆭ, ᆮ, ᆯ, ᆰ, ᆱ, ᆲ, ᆳ, ᆴ, ᆵ, ᆶ, ᆷ, ᆸ, ᆹ, ᆺ, ᆻ, ᆼ, ᆽ, ᆾ, ᆿ, ᇀ, ᇁ, ᇂ","a, b, d, e, h, i, j, k, m, n, o, p, s, t, u, w, x, ç, ŋ, ɕ, ɡ, ɣ, ɥ, ɦ, ɭ, ɯ, ɰ, ɲ, ɸ, ɾ, ʃ, ʌ, ʎ, ʑ, ʝ, ʰ, ʷ, ̚, ̹, ͈, β",67,41,2353196,0:06:35.880451,0.992,1000,889,"[0.         0.06306306 0.02702703 0.05405405 0.04504505 0.05405405
 0.05405405 0.11711712 0.10810811 0.09009009 0.04504505 0.06306306
 0.0990991  0.06306306 0.02702703 0.03603604 0.00900901 0.01801802
 0.00900901 0.00900901 0.00900901 0.         0.         0.
 0.         0.         0.         0.         0.         0.
 0.         0.         0.         0.         0.         0.
 0.        ]",0.89,0:03:23.073516,r:-.ɲ.+.n.,4,신문예,ɕʰinmuɲje,ɕʰinmunje,r:-.n.+.m.,3,툇마루,tʰwenmaɾu,tʰwemmaɾu,r:-.m.+.n.,2,삼시염불,sʰamɕʰijʌ̹mbuɭ,sʰamɕʰijʌ̹nbuɭ
2020-01-15,21:02:56,nl,write,512,8.6,7.8,13344,24,26,45,30,"a, b, c, d, e, f, h, i, j, k, l, m, n, o, p, r, s, t, u, v, w, x, y, z, ø, ŋ, œ, ɑ, ɔ, ə, ɛ, ɡ, ɣ, ɦ, ɪ, ɫ, ɵ, ʃ, ʊ, ʋ, ʌ, ʏ, ʔ, ː, χ","a, b, c, d, e, f, g, h, i, j, k, l, m, n, o, p, q, r, s, t, u, v, w, x, y, z, ë, ï",45,28,2274847,0:07:33.685779,0.934,1000,438,"[0.         0.05871886 0.06405694 0.11743772 0.14234875 0.12811388
 0.18149466 0.1227758  0.0747331  0.03024911 0.01957295 0.02846975
 0.01067616 0.00533808 0.00355872 0.00355872 0.00177936 0.
 0.00355872 0.         0.00355872 0.         0.         0.
 0.         0.         0.        ]",0.44,0:02:58.345237,w:-.+.e.,28,spiese,spisə,spiesee,w:-.+.s.,14,bezighoudend,bezəχhʌʊdənt,bezighoudends,w:-.d.+.t.,13,gepoogd,χəpoχt,gepoogt
2020-01-15,21:13:34,nl,read,512,8.6,7.8,13344,25,25,28,47,"a, b, c, d, e, f, g, h, i, j, k, l, m, n, o, p, q, r, s, t, u, v, w, x, y, z, ë, ï","a, b, c, d, e, f, h, i, j, k, l, m, n, o, p, r, s, t, u, v, w, x, y, z, ø, ŋ, œ, ɑ, ɔ, ə, ɛ, ɡ, ɣ, ɦ, ɪ, ɫ, ɵ, ʃ, ʊ, ʋ, ʌ, ʏ, ʔ, ː, χ",28,45,2283568,0:06:12.615824,0.924,1000,427,"[0.         0.11518325 0.14659686 0.13263525 0.15008726 0.16928447
 0.09773124 0.06980803 0.04013962 0.02268761 0.01396161 0.02094241
 0.008726   0.0052356  0.0017452  0.         0.         0.0017452
 0.0034904  0.         0.         0.         0.         0.
 0.         0.        ]",0.43,0:02:45.313115,r:-.i.+.ɪ.,8,uitbuiting,œʏtbœʏtiŋ,œʏtbœʏtɪŋ,r:-.ɪ.+.i.,8,feitelijk,fɛɪtələk,fɛitələk,r:-.χ.+.x.,7,vrachten,vrɑχtən,vrɑxtən
2020-01-15,21:22:38,pt,write,512,7.1,7.0,13722,20,23,43,38,"a, b, d, e, f, h, i, j, k, l, m, n, o, p, r, s, t, u, v, w, z, ð, õ, ĩ, ũ, ɐ, ɔ, ɛ, ɡ, ɣ, ɨ, ɫ, ɲ, ɹ, ɻ, ɾ, ʁ, ʃ, ʎ, ʒ, ̃, β, ẽ","a, b, c, d, e, f, g, h, i, j, k, l, m, n, o, p, q, r, s, t, u, v, w, x, y, z, á, â, ã, ç, é, ê, í, ó, ô, ú",43,36,2291239,0:07:32.048747,0.962,1000,639,"[0.         0.13296399 0.17174515 0.16066482 0.1800554  0.11634349
 0.09141274 0.06925208 0.03878116 0.02493075 0.00554017 0.00831025
 0.         0.         0.         0.         0.         0.
 0.         0.         0.         0.         0.         0.        ]",0.64,0:02:28.558235,w:-.á.+.a.,15,secretária,sekɾetaɾia,secretaria,w:-.e.+.i.,12,fume,fumi,fumi,w:-.o.+.u.,10,sossego,suseɣu,sussego
2020-01-15,21:32:44,pt,read,512,7.1,7.0,13722,22,21,36,45,"a, b, c, d, e, f, g, h, i, j, k, l, m, n, o, p, q, r, s, t, u, v, w, x, y, z, á, â, ã, ç, é, ê, í, ó, ô, ú","a, b, d, e, f, h, i, j, k, l, m, n, o, p, r, s, t, u, v, w, z, ð, õ, ĩ, ũ, ɐ, ɔ, ɛ, ɡ, ɣ, ɨ, ɫ, ɲ, ɹ, ɻ, ɾ, ʁ, ʃ, ʎ, ʒ, ̃, β, ẽ",36,43,2294830,0:03:35.150559,0.902,1000,205,"[0.         0.13459119 0.29433962 0.14842767 0.15220126 0.11446541
 0.07421384 0.04025157 0.01761006 0.01383648 0.00628931 0.00377358
 0.         0.         0.         0.         0.         0.
 0.         0.         0.         0.        ]",0.2,0:02:24.623530,r:-.a.+.ɐ.,25,comadre,kumaðɾɨ,kumɐðɾɨ,r:-.o.+.u.,23,ensaio,ẽsajo,ẽsaju,r:-.ɐ.+.a.,22,ruína,ʁuinɐ,ʁuina
2020-01-15,21:38:50,ru,write,512,10.7,10.5,304525,27,26,30,35,"a, b, d, f, i, j, k, l, m, n, o, p, r, s, t, u, v, x, z, ɐ, ɕ, ə, ɛ, ɡ, ɣ, ɨ, ɪ, ʂ, ʊ, ʐ","а, б, в, г, д, е, ж, з, и, й, к, л, м, н, о, п, р, с, т, у, ф, х, ц, ч, ш, щ, ъ, ы, ь, э, ю, я, ё",30,33,2256932,0:04:11.734496,0.922,1000,280,"[0.         0.05277778 0.16944444 0.1125     0.16527778 0.15555556
 0.10138889 0.08333333 0.05555556 0.04861111 0.02638889 0.0125
 0.00972222 0.00277778 0.         0.00277778 0.         0.
 0.         0.00138889 0.         0.         0.         0.
 0.         0.         0.        ]",0.28,0:03:33.334678,w:-.а.+.о.,39,безрамочный,bɪzrəmətɕnɨj,безромочный,w:-.о.+.а.,34,биополевой,bɪəpəlɪvəj,биополевай,w:-.е.+.и.,30,терпящий,tɪrpɪɕɪj,тирпящий
2020-01-15,21:46:55,ru,read,512,10.7,10.5,304525,25,28,33,32,"а, б, в, г, д, е, ж, з, и, й, к, л, м, н, о, п, р, с, т, у, ф, х, ц, ч, ш, щ, ъ, ы, ь, э, ю, я, ё","a, b, d, f, i, j, k, l, m, n, o, p, r, s, t, u, v, x, z, ɐ, ɕ, ə, ɛ, ɡ, ɣ, ɨ, ɪ, ʂ, ʊ, ʐ",33,30,2255393,0:08:07.528749,0.974,1000,717,"[0.         0.03180212 0.04946996 0.07067138 0.09540636 0.10954064
 0.12720848 0.15547703 0.13074205 0.1024735  0.04946996 0.05300353
 0.01413428 0.00353357 0.         0.00353357 0.00353357 0.
 0.         0.         0.         0.         0.         0.
 0.         0.         0.         0.         0.        ]",0.72,0:03:23.056242,r:-.t.+.ɪ.,6,одноточечный,ɐdnətətɕɪtɕnɨj,ɐdnətəɪtɕɪɕnɨj,r:-.+.j.,5,шутеит,ʂʊtɪɪt,ʂʊtɪjɪt,r:-.+.t.,4,нисповергать,nɪspəvɪrɡət,nɪspəvɪrɡətt
2020-01-15,21:58:35,sh,write,512,8.9,9.1,98576,24,24,40,29,"a, b, c, d, e, f, h, i, j, k, l, m, n, o, p, r, s, t, u, x, z, â, ê, î, ô, û, ě, ř, ǎ, ǐ, ǒ, ǔ, ɕ, ɡ, ɲ, ʃ, ʋ, ʎ, ʑ, ʒ","a, b, c, d, e, f, g, h, i, j, k, l, m, n, o, p, r, s, t, u, v, z, ć, č, đ, š, ž",40,27,2262046,0:06:46.253107,0.992,1000,894,"[0.         0.01886792 0.04716981 0.03773585 0.04716981 0.09433962
 0.12264151 0.1509434  0.12264151 0.1509434  0.12264151 0.04716981
 0.00943396 0.01886792 0.00943396 0.         0.         0.
 0.         0.         0.         0.         0.         0.
 0.        ]",0.89,0:02:53.300321,w:-.z.+.d.,2,gnjezdište,ɡɲêzdiʃte,gnjeddište,w:-.t.+.o.,2,poluotočić,pôluototʃitɕ,poluooočić,w:-.k.+.i.,2,hipohondrik,xipoxǒndrik,hipohondrii
2020-01-15,22:08:23,sh,read,512,8.9,9.1,98576,23,25,27,42,"a, b, c, d, e, f, g, h, i, j, k, l, m, n, o, p, r, s, t, u, v, z, ć, č, đ, š, ž","a, b, c, d, e, f, h, i, j, k, l, m, n, o, p, r, s, t, u, x, z, â, ê, î, ô, û, ě, ř, ǎ, ǐ, ǒ, ǔ, ɕ, ɡ, ɲ, ʃ, ʋ, ʎ, ʑ, ʒ",27,40,2268715,0:07:48.581349,0.963,1000,510,"[0.         0.0877551  0.35714286 0.16938776 0.06734694 0.10612245
 0.06734694 0.05102041 0.03061224 0.04285714 0.00816327 0.00612245
 0.00408163 0.         0.00204082 0.         0.         0.
 0.         0.         0.         0.         0.         0.
 0.         0.        ]",0.51,0:02:55.008464,r:-.ê.+.ě.,19,vjernički,ʋjêrnitʃki,ʋjěrnitʃki,r:-.ǒ.+.o.,18,neostvaren,neǒstʋaren,neostʋaren,r:-.ǎ.+.a.,18,uljarica,uʎǎritsa,uʎaritsa
2020-01-15,22:19:13,tr,write,512,10.1,10.3,117850,27,26,36,36,"a, b, c, d, e, f, h, i, j, k, l, m, n, o, p, r, s, t, u, v, y, z, æ, ø, œ, ɔ, ɛ, ɟ, ɡ, ɪ, ɫ, ɯ, ɾ, ʃ, ʊ, ʒ","a, b, c, d, e, f, g, h, i, j, k, l, m, n, o, p, q, r, s, t, u, v, w, x, y, z, â, ç, î, ö, ü, ğ, ı, ş",36,34,2271781,0:06:17.241463,0.986,1000,865,"[0.         0.02222222 0.08888889 0.0962963  0.0962963  0.18518519
 0.14074074 0.17777778 0.08148148 0.07407407 0.02962963 0.
 0.00740741 0.         0.         0.         0.         0.
 0.         0.         0.         0.         0.         0.
 0.         0.         0.        ]",0.86,0:03:16.815174,w:-.â.+.a.,8,bendegân,bændeɡan,bendegan,w:-.ğ.+.,3,başıbağlanmak,baʃɯbaɫanmak,başıbalanmak,w:-.ğ.a.+.,3,inekağacı,inekadʒɯ,inekacı
2020-01-15,22:28:57,tr,read,512,10.1,10.3,117850,25,28,34,38,"a, b, c, d, e, f, g, h, i, j, k, l, m, n, o, p, q, r, s, t, u, v, w, x, y, z, â, ç, î, ö, ü, ğ, ı, ş","a, b, c, d, e, f, h, i, j, k, l, m, n, o, p, r, s, t, u, v, y, z, æ, ø, œ, ɔ, ɛ, ɟ, ɡ, ɪ, ɫ, ɯ, ɾ, ʃ, ʊ, ʒ",34,36,2272807,0:08:05.765822,0.992,1000,904,"[0.         0.03125    0.01041667 0.09375    0.14583333 0.10416667
 0.16666667 0.22916667 0.13541667 0.03125    0.03125    0.01041667
 0.         0.         0.         0.01041667 0.         0.
 0.         0.         0.         0.         0.         0.
 0.         0.         0.         0.         0.        ]",0.9,0:03:18.870915,r:-.h.+.s.,3,ruhsuzlaşma,rʊhsʊzɫaʃma,rʊssʊzɫaʃma,r:-.k.+.a.,2,sıcakkanlı,sɯdʒakkanɫɯ,sɯdʒakaanɫɯ,r:-.ø.+.æ.,2,marziyyün,marzɪjjøn,marzɪjjæn
